student_id,task_id,time_to_first_attempt,total_attempts,compile_count,error_count,hint_count,repeated_error_count,solution_correctness,test_cases_passed,time_to_solution,code_changes
S001,T001,41,3,5,4,2,2,0.47,5,449,9
S001,T002,57,4,5,6,3,4,0.26,3,653,11
S001,T003,64,6,6,7,3,6,0.21,2,717,15
S001,T004,37,3,5,3,1,1,0.69,7,298,9
S001,T005,30,3,5,3,2,1,0.61,6,371,6
S001,T006,32,3,5,3,2,1,0.61,6,323,8
S001,T007,40,3,4,4,2,2,0.56,6,410,9
S001,T008,29,3,3,2,1,1,0.69,6,322,8
S001,T009,37,3,6,3,2,1,0.61,6,314,8
S001,T010,47,4,7,5,3,3,0.39,4,545,12
S001,T011,54,4,7,5,2,3,0.39,3,481,11
S001,T012,48,5,5,5,2,3,0.4,3,551,11
S001,T013,67,6,8,7,3,6,0.19,2,719,16
S001,T014,32,2,4,3,1,1,0.75,7,237,6
S001,T015,42,4,6,3,2,1,0.55,6,399,9
S001,T016,40,3,4,3,2,1,0.58,7,463,7
S001,T017,40,3,4,4,1,2,0.6,7,327,8
S001,T018,41,3,3,4,2,2,0.49,5,443,8
S001,T019,47,4,4,4,2,2,0.46,5,563,11
S001,T020,13,2,5,2,0,0,0.86,8,151,5
S001,T021,31,3,3,1,1,0,0.77,7,252,6
S001,T022,32,2,5,2,2,1,0.67,7,378,4
S001,T023,27,3,3,3,2,1,0.68,6,408,7
S001,T024,42,3,6,3,2,1,0.53,6,508,9
S001,T025,21,3,4,1,1,0,0.74,7,322,5
S001,T026,52,4,5,3,2,2,0.48,4,391,10
S001,T027,44,5,6,5,2,3,0.41,4,542,11
S001,T028,55,5,7,4,2,2,0.39,4,530,11
S001,T029,60,5,5,5,3,4,0.23,3,758,13
S001,T030,63,4,6,6,3,4,0.28,3,650,11
S002,T001,33,3,4,2,1,1,0.73,7,224,6
S002,T002,48,4,6,4,2,2,0.55,6,396,10
S002,T003,57,4,5,5,2,3,0.38,4,625,9
S002,T004,55,5,6,5,3,3,0.38,3,464,11
S002,T005,48,5,5,6,2,4,0.39,4,513,14
S002,T006,34,4,5,4,1,2,0.59,5,374,9
S002,T007,55,5,8,5,3,3,0.43,5,501,10
S002,T008,36,4,5,3,2,1,0.59,7,433,8
S002,T009,19,2,4,2,1,0,0.83,8,193,7
S002,T010,33,3,3,3,1,1,0.69,6,379,8
S002,T011,31,3,6,3,1,1,0.68,6,293,8
S002,T012,48,4,5,4,2,2,0.5,5,456,11
S002,T013,49,4,6,4,2,2,0.49,4,550,10
S002,T014,51,4,5,5,2,3,0.43,4,419,10
S002,T015,56,5,8,5,3,3,0.34,4,604,12
S002,T016,60,5,7,5,4,4,0.23,3,712,10
S002,T017,44,4,4,4,2,2,0.53,5,408,9
S002,T018,55,4,4,5,2,3,0.42,4,539,11
S002,T019,59,4,5,5,3,3,0.42,5,601,12
S002,T020,40,3,6,3,1,1,0.67,7,312,7
S002,T021,39,4,7,4,2,2,0.49,4,460,9
S002,T022,38,3,4,3,2,1,0.54,5,438,7
S002,T023,60,5,8,6,3,4,0.33,4,683,12
S002,T024,56,4,7,6,3,4,0.32,3,680,12
S002,T025,49,3,6,4,2,2,0.49,5,504,10
S002,T026,22,3,3,2,1,0,0.87,9,120,8
S002,T027,40,3,5,2,1,1,0.63,7,370,7
S002,T028,42,2,2,3,1,1,0.64,6,350,8
S002,T029,41,3,4,4,2,2,0.48,5,522,9
S002,T030,49,4,6,3,2,1,0.5,6,501,10
S003,T001,58,4,6,6,3,4,0.29,2,594,12
S003,T002,54,4,6,6,3,4,0.28,3,661,11
S003,T003,74,6,8,6,4,5,0.09,1,818,15
S003,T004,35,3,4,4,2,2,0.59,6,369,8
S003,T005,54,4,6,4,2,2,0.47,5,474,10
S003,T006,18,2,4,1,1,0,0.81,9,169,4
S003,T007,23,3,5,2,1,1,0.74,7,281,7
S003,T008,53,5,8,5,2,3,0.34,3,575,12
S003,T009,47,4,6,4,3,2,0.43,4,476,9
S003,T010,64,4,4,6,3,4,0.27,3,607,11
S003,T011,51,5,7,6,3,4,0.36,3,494,13
S003,T012,62,5,5,7,4,6,0.17,2,730,15
S003,T013,68,6,9,7,4,6,0.11,1,836,13
S003,T014,45,3,3,3,2,1,0.6,5,308,8
S003,T015,54,4,5,5,2,3,0.47,5,477,10
S003,T016,50,4,4,6,2,4,0.36,3,645,11
S003,T017,21,2,5,3,1,1,0.73,7,231,8
S003,T018,40,3,5,4,2,2,0.61,6,427,9
S003,T019,37,4,5,3,1,1,0.57,6,503,8
S003,T020,49,4,7,5,2,3,0.44,3,419,10
S003,T021,61,4,4,5,3,3,0.35,3,581,11
S003,T022,56,4,5,4,2,2,0.43,4,493,10
S003,T023,56,4,6,6,3,5,0.25,2,684,11
S003,T024,58,5,5,6,3,4,0.28,3,729,13
S003,T025,46,4,7,4,2,2,0.46,5,520,10
S003,T026,46,4,6,5,3,3,0.4,4,516,10
S003,T027,67,5,8,5,3,4,0.28,2,624,12
S003,T028,56,5,7,5,3,3,0.33,3,586,11
S003,T029,70,6,7,7,3,5,0.22,3,727,15
S003,T030,65,5,7,7,3,5,0.25,2,738,13
S004,T001,21,3,6,2,1,0,0.77,8,235,6
S004,T002,27,2,5,3,1,1,0.72,8,326,8
S004,T003,41,3,5,4,2,2,0.55,5,503,9
S004,T004,28,3,4,2,2,1,0.69,7,290,5
S004,T005,48,4,7,4,2,2,0.55,6,432,10
S004,T006,43,4,6,5,2,2,0.51,5,373,12
S004,T007,47,4,4,4,3,2,0.42,4,515,10
S004,T008,58,5,6,5,3,4,0.29,3,631,12
S004,T009,35,3,6,2,1,1,0.71,7,297,5
S004,T010,33,3,5,3,1,1,0.62,6,413,7
S004,T011,21,2,4,2,1,0,0.8,8,240,5
S004,T012,37,3,3,3,1,1,0.69,7,369,7
S004,T013,42,3,4,3,2,1,0.6,7,479,8
S004,T014,24,3,5,2,0,0,0.76,8,195,6
S004,T015,46,3,5,4,2,2,0.57,6,404,8
S004,T016,38,4,6,5,2,3,0.5,4,556,11
S004,T017,36,3,5,3,2,1,0.58,6,325,8
S004,T018,45,4,6,4,2,2,0.39,4,576,11
S004,T019,61,4,7,7,3,5,0.26,3,677,12
S004,T020,59,4,5,5,2,3,0.4,4,497,11
S004,T021,65,5,5,6,3,4,0.32,4,581,12
S004,T022,62,4,6,5,3,4,0.27,2,668,10
S004,T023,75,5,8,6,3,5,0.1,1,852,12
S004,T024,59,6,7,5,3,4,0.23,3,703,12
S004,T025,72,6,6,6,4,5,0.22,3,667,12
S004,T026,21,2,4,2,1,0,0.81,7,168,6
S004,T027,37,3,6,3,1,1,0.63,6,372,8
S004,T028,26,4,6,3,2,1,0.67,6,352,9
S004,T029,39,4,4,5,2,3,0.5,5,506,11
S004,T030,36,3,5,4,2,2,0.53,6,527,9
S005,T001,34,3,4,3,2,1,0.64,6,336,8
S005,T002,55,4,6,4,2,2,0.45,5,470,8
S005,T003,61,5,6,6,3,4,0.29,2,672,12
S005,T004,16,2,2,2,1,0,0.88,8,153,6
S005,T005,28,2,4,2,1,1,0.69,7,334,6
S005,T006,19,2,2,1,0,0,0.92,9,79,5
S005,T007,19,2,3,2,1,0,0.85,9,198,4
S005,T008,27,2,5,2,1,1,0.72,8,302,6
S005,T009,33,2,2,3,1,1,0.71,7,261,6
S005,T010,42,3,6,3,2,1,0.57,5,423,7
S005,T011,27,2,3,2,1,1,0.68,6,266,4
S005,T012,45,3,6,4,2,2,0.52,5,470,8
S005,T013,54,4,7,6,3,4,0.39,4,619,11
S005,T014,24,2,4,1,1,0,0.79,8,223,4
S005,T015,30,3,6,3,1,1,0.67,6,340,7
S005,T016,42,3,4,4,1,2,0.6,7,489,8
S005,T017,16,2,3,2,1,0,0.84,8,191,6
S005,T018,17,2,4,2,1,0,0.82,8,210,5
S005,T019,30,3,3,3,1,1,0.61,5,482,9
S005,T020,25,2,5,1,1,0,0.86,8,192,5
S005,T021,30,2,5,2,2,1,0.7,8,352,7
S005,T022,36,3,3,3,1,1,0.61,5,392,7
S005,T023,46,4,6,4,1,2,0.52,5,511,10
S005,T024,37,3,4,3,2,1,0.53,6,501,8
S005,T025,38,3,3,2,1,1,0.66,7,381,7
S005,T026,30,3,3,3,1,1,0.69,6,267,7
S005,T027,35,3,4,4,1,2,0.6,6,422,9
S005,T028,42,3,5,4,2,2,0.57,5,395,9
S005,T029,54,5,8,4,2,2,0.42,4,629,11
S005,T030,48,4,5,4,3,2,0.45,4,600,11
